STATE/UT,DISTRICT,TOTAL IPC CRIMES,CRIME_RATE
A & N ISLANDS,A and N ISLANDS,807,0.08866183256427158
A & N ISLANDS,ANDAMAN,7377,0.8104812129202373
A & N ISLANDS,CAR,24,0.0026367831245880024
A & N ISLANDS,NICOBAR,235,0.025818501428257527
A & N ISLANDS,NORTH,115,0.012634585805317513
A & N ISLANDS,SOUTH,544,0.05976708415732806
A & N ISLANDS,TOTAL,9102,1.0
ANDHRA PRADESH,ADILABAD,61959,0.030688253133635233
ANDHRA PRADESH,ANANTAPUR,59927,0.02968180483124903
ANDHRA PRADESH,CHITTOOR,75471,0.03738073810501436
ANDHRA PRADESH,CUDDAPAH,58147,0.02880017196793828
ANDHRA PRADESH,CYBERABAD,141743,0.07020521738441322
ANDHRA PRADESH,EAST GODAVARI,93193,0.04615843338793183
ANDHRA PRADESH,GUNTAKAL RLY.,3232,0.0016008075360788437
ANDHRA PRADESH,GUNTUR,97091,0.04808911029871009
ANDHRA PRADESH,GUNTUR URBAN,11828,0.005858400846763788
ANDHRA PRADESH,HYDERABAD CITY,202931,0.10051159471040094
ANDHRA PRADESH,KARIMNAGAR,96728,0.04790931663051807
ANDHRA PRADESH,KHAMMAM,68903,0.03412761189926998
ANDHRA PRADESH,KRISHNA,67845,0.033603585174897636
ANDHRA PRADESH,KURNOOL,73883,0.036594202719094436
ANDHRA PRADESH,MAHABOOBNAGAR,71938,0.035630845461150945
ANDHRA PRADESH,MEDAK,61927,0.030672403554070096
ANDHRA PRADESH,NALGONDA,85368,0.042282715884894406
ANDHRA PRADESH,NELLORE,71475,0.03540152185681787
ANDHRA PRADESH,NIZAMABAD,61912,0.03066497406364894
ANDHRA PRADESH,PRAKASHAM,60364,0.029898250652185435
ANDHRA PRADESH,RAJAHMUNDRY,6288,0.0031144423845494338
ANDHRA PRADESH,RANGA REDDY,41037,0.020325599894204058
ANDHRA PRADESH,SECUNDERABAD RLY.,6163,0.003052529964373117
ANDHRA PRADESH,SRIKAKULAM,40293,0.019957097169314618
ANDHRA PRADESH,TIRUPATHI URBAN,8164,0.004043623986555594
ANDHRA PRADESH,TOTAL,2018981,1.0
ANDHRA PRADESH,VIJAYAWADA,39350,0.019490029871504486
ANDHRA PRADESH,VIJAYAWADA CITY,42500,0.021050222859947666
ANDHRA PRADESH,VIJAYAWADA RLY.,5216,0.002583481469117342
ANDHRA PRADESH,VISAKHA RURAL,35912,0.017787190666975074
ANDHRA PRADESH,VISAKHAPATNAM,55171,0.027326161068380535
ANDHRA PRADESH,VIZIANAGARAM,37750,0.018697550893247632
ANDHRA PRADESH,WARANGAL,75347,0.037319320984199454
ANDHRA PRADESH,WARANGAL URBAN,9896,0.0049014824805186374
ANDHRA PRADESH,WEST GODAVARI,90029,0.0445913062084289
ARUNACHAL PRADESH,ANJAW,85,0.0030739187038912193
ARUNACHAL PRADESH,CHANGLANG,2201,0.0795964125560538
ARUNACHAL PRADESH,DIBANG VALLEY,1444,0.052220454216693184
ARUNACHAL PRADESH,K/KUMEY,507,0.018335020974974685
ARUNACHAL PRADESH,KAMENG EAST,1481,0.053558512946622304
ARUNACHAL PRADESH,KAMENG WEST,1297,0.04690438304643425
ARUNACHAL PRADESH,LOHIT,2154,0.07789671633154925
ARUNACHAL PRADESH,PAPUM PARE,5853,0.21166642557500362
ARUNACHAL PRADESH,RURAL,298,0.01077679733834804
ARUNACHAL PRADESH,SIANG EAST,2874,0.10393461594098076
ARUNACHAL PRADESH,SIANG UPPER,716,0.02589324461160133
ARUNACHAL PRADESH,SIANG WEST,3160,0.11427744828583827
ARUNACHAL PRADESH,SUBANSIRI LOWER,1460,0.052799074208013885
ARUNACHAL PRADESH,SUBANSIRI UPPER,1767,0.06390134529147982
ARUNACHAL PRADESH,TAWANG,580,0.02097497468537538
ARUNACHAL PRADESH,TIRAP,1627,0.05883842036742369
ARUNACHAL PRADESH,TOTAL,27652,1.0
ARUNACHAL PRADESH,UPPER DIBANG VALLEY,148,0.005352234919716477
ASSAM,BAKSA,664,0.0011108062713713104
ASSAM,BARPETA,28180,0.04714235049283664
ASSAM,BASKA,3269,0.005468713405290382
ASSAM,BIEO,16,2.6766416177621937e-05
ASSAM,BONGAIGAON,12893,0.021568712736129977
ASSAM,C.I.D.,384,0.0006423939882629265
ASSAM,CACHAR,48300,0.08080111883619623
ASSAM,CHIRANG,4505,0.007536419055011677
ASSAM,DARRANG,20878,0.03492682730977443
ASSAM,DHEMAJI,11695,0.019564577324830534
ASSAM,DHUBRI,35176,0.05884596596650183
ASSAM,DIBRUGARH,25682,0.04296344376710541
ASSAM,G.R.P.,3589,0.006004041728842821
ASSAM,GOALPARA,17342,0.02901144933451998
ASSAM,GOLAGHAT,18697,0.031278230204562336
ASSAM,GUWAHATI CITY,76930,0.12869627478402848
ASSAM,HAILAKANDI,12438,0.020807542776078852
ASSAM,HAMREN,150,0.00025093515166520566
ASSAM,JORHAT,17883,0.02991648878152582
ASSAM,KAMRUP,26853,0.04492241085110512
ASSAM,KARBI ANGLONG,8154,0.01364083484452058
ASSAM,KARIMGANJ,14965,0.02503496363113202
ASSAM,KOKRAJHAR,16995,0.028430952683667802
ASSAM,LAKHIMPUR,21468,0.035913838906324234
ASSAM,MORIGAON,13375,0.02237505102348084
ASSAM,N.C.HILLS,2721,0.004551963651206831
ASSAM,NAGAON,51277,0.08578134514624501
ASSAM,NALBARI,14382,0.024059662341659918
ASSAM,R.P.O.,1016,0.001699667427278993
ASSAM,SIBSAGAR,24118,0.040347026585742865
ASSAM,SONITPUR,33647,0.056288100320527834
ASSAM,TINSUKIA,23896,0.03997564256127836
ASSAM,TOTAL,597764,1.0
ASSAM,UDALGURI,6226,0.010415481695117136
BIHAR,ARARIA,28415,0.02110610394616922
BIHAR,ARWAL,7673,0.005699353706808251
BIHAR,AURANGABAD,31944,0.023727375838691875
BIHAR,BAGAHA,16720,0.012419287629067372
BIHAR,BANKA,19347,0.014370571636337707
BIHAR,BEGUSARAI,38025,0.0282442232114406
BIHAR,BETTIAH,42395,0.03149017338721957
BIHAR,BHABHUA,19288,0.014326747595062887
BIHAR,BHAGALPUR,38436,0.028549505939643154
BIHAR,BHOJPUR,40506,0.03008706128606477
BIHAR,BUXAR,22097,0.01641321762796063
BIHAR,DARBHANGA,45383,0.03370960110466295
BIHAR,GAYA,48235,0.03582801069306607
BIHAR,GOPALGANJ,31510,0.023405009162195747
BIHAR,JAMALPUR RLY.,2839,0.002108753443715447
BIHAR,JAMUI,18674,0.013870680453660533
BIHAR,JEHANABAD,17432,0.012948147245807562
BIHAR,KATIHAR,29828,0.02215565259568311
BIHAR,KATIHAR RLY.,5176,0.0038446311464146363
BIHAR,KHAGARIA,19335,0.014361658272010625
BIHAR,KISHANGANJ,13459,0.00999708087318288
BIHAR,LAKHISARAI,12557,0.009327092987930562
BIHAR,MADHEPURA,17472,0.012977858460231168
BIHAR,MADHUBANI,42083,0.03125842591471544
BIHAR,MOTIHARI,60939,0.04526429239400338
BIHAR,MUNGER,22716,0.016872998671165935
BIHAR,MUZAFFARPUR,69252,0.051439025531589334
BIHAR,MUZAFFARPUR RLY.,7113,0.005283396704877765
BIHAR,NALANDA,45663,0.0339175796056282
BIHAR,NAUGACHIA,13218,0.009818070806280653
BIHAR,NAWADAH,22684,0.01684922969962705
BIHAR,PATNA,147542,0.10959129996219248
BIHAR,PATNA RLY.,12653,0.009398399902547218
BIHAR,PURNEA,31399,0.023322560542170242
BIHAR,ROHTAS,41706,0.030978397718772956
BIHAR,SAHARSA,20316,0.015090325805749566
BIHAR,SAMASTIPUR,42318,0.03143297929945413
BIHAR,SARAN,47474,0.035262754838656964
BIHAR,SHEIKHPURA,10367,0.007700403998238125
BIHAR,SHEOHAR,5953,0.004421771486593186
BIHAR,SITAMARHI,35390,0.026286996961285544
BIHAR,SIWAN,30855,0.022918488026009196
BIHAR,SUPAUL,20702,0.015377039024937365
BIHAR,TOTAL,1346293,1.0
BIHAR,VAISHALI,49204,0.03654776486247793
CHANDIGARH,CHANDIGARH,40807,1.0
CHANDIGARH,TOTAL,40807,1.0
CHHATTISGARH,BALOD,1117,0.0019909915209071934
CHHATTISGARH,BALODA BAZAR,2371,0.004226178062731384
CHHATTISGARH,BALRAMPUR,7891,0.01406527671573739
CHHATTISGARH,BEMETARA,1323,0.0023581752749867652
CHHATTISGARH,BILASPUR,65040,0.11593024934628815
CHHATTISGARH,BIZAPUR,3933,0.007010357790266778
CHHATTISGARH,DANTEWARA,8092,0.014423548242776195
CHHATTISGARH,DHAMTARI,16040,0.028590424346778318
CHHATTISGARH,DURG,87167,0.15537041889249537
CHHATTISGARH,GARIYABAND,1518,0.0027057521295766516
CHHATTISGARH,GRP RAIPUR,4007,0.00714225875047012
CHHATTISGARH,JAGDALPUR,24443,0.043568313111490176
CHHATTISGARH,JANJGIR,31993,0.05702577594304731
CHHATTISGARH,JASHPUR,12327,0.021972204546305257
CHHATTISGARH,KABIRDHAM,13753,0.024513971698331808
CHHATTISGARH,KANKER,11795,0.02102394358916772
CHHATTISGARH,KAWARDHA,685,0.0012209751045849843
CHHATTISGARH,KONDAGAON,537,0.0009571731841783016
CHHATTISGARH,KORBA,28108,0.05010097553237188
CHHATTISGARH,KORIYA,18734,0.03339233227634321
CHHATTISGARH,MAHASAMUND,18975,0.03382190161970814
CHHATTISGARH,MUNGELI,1012,0.001803834753051101
CHHATTISGARH,NARAYANPUR,1610,0.0028697371071267513
CHHATTISGARH,RAIGARH,29582,0.05272830006398979
CHHATTISGARH,RAIPUR,98510,0.17558869715717781
CHHATTISGARH,RAJNANDGAON,32999,0.058818916023649484
CHHATTISGARH,SARGUJA,25863,0.04609938559106781
CHHATTISGARH,SUKMA,205,0.0003654013086714187
CHHATTISGARH,SURAJPUR,11397,0.020314530316722725
CHHATTISGARH,TOTAL,561027,1.0
D & N HAVELI,D and N HAVELI,4651,1.0
D & N HAVELI,TOTAL,4651,1.0
DAMAN & DIU,DAMAN,2398,0.8134328358208955
DAMAN & DIU,DIU,550,0.1865671641791045
DAMAN & DIU,TOTAL,2948,1.0
DELHI UT,CAW,796,0.0012571583798450347
DELHI UT,CENTRAL,38329,0.060534702941055694
DELHI UT,CRIME BRANCH,393,0.0006206824664310285
DELHI UT,DELHI UT TOTAL,633174,1.0
DELHI UT,EAST,68298,0.10786608420434193
DELHI UT,EOW,783,0.0012366268987671636
DELHI UT,G.R.P.(RLY),6641,0.010488428141395572
DELHI UT,GRP(RLY),6442,0.010174138546434314
DELHI UT,I.G.I. AIRPORT,2700,0.004264230685404012
DELHI UT,IGI AIRPORT,5151,0.008135204540931876
DELHI UT,NEW DELHI,23713,0.03745100083073531
DELHI UT,NORTH,38613,0.06098323683537227
DELHI UT,NORTH EAST,13427,0.021205861264044324
DELHI UT,NORTH WEST,37814,0.05972134042143234
DELHI UT,NORTH-EAST,41292,0.06521430128211203
DELHI UT,NORTH-WEST,50681,0.0800427686544299
DELHI UT,OUTER,33853,0.053465556071474823
DELHI UT,S.T.F.,158,0.0002495364623310496
DELHI UT,SOUTH,95628,0.15102957480882032
DELHI UT,SOUTH WEST,21314,0.03366215289951893
DELHI UT,SOUTH-EAST,31194,0.04926607851870102
DELHI UT,SOUTH-WEST,38093,0.06016197759225742
DELHI UT,SPL CELL,133,0.00021005284487360504
DELHI UT,STF,181,0.0002858613903918986
DELHI UT,WEST,77547,0.12247344331889812
GOA,NORTH GOA,18248,0.5693426102149699
GOA,SOUTH GOA,13803,0.4306573897850301
GOA,TOTAL,32051,1.0
GUJARAT,AHMEDABAD COMMR.,218005,0.15731630315166603
GUJARAT,AHMEDABAD RURAL,37699,0.02720427197777417
GUJARAT,AHWA-DANG,2237,0.0016142591690570258
GUJARAT,AMRELI,27751,0.020025617434287674
GUJARAT,ANAND,41373,0.029855496022081505
GUJARAT,BHARUCH,34364,0.024797676390467427
GUJARAT,BHAVNAGAR,65714,0.047420396529018055
GUJARAT,CID CRIME,54,3.896736483195324e-05
GUJARAT,DAHOD,20418,0.014733993613681875
GUJARAT,GANDHINAGAR,49069,0.0354090671285021
GUJARAT,HIMATNAGAR,56623,0.040860168497772006
GUJARAT,JAMNAGAR,53364,0.0385084158683769
GUJARAT,JUNAGADH,58705,0.042362576897403977
GUJARAT,KHEDA NORTH,53275,0.038444191878190904
GUJARAT,KUTCH,42700,0.030813082931933394
GUJARAT,KUTCH (EAST(G)),5656,0.004081470657213472
GUJARAT,KUTCH (WEST-BHUJ),3725,0.002688026555537515
GUJARAT,MEHSANA,57597,0.04156302430048168
GUJARAT,NARMADA,8518,0.006146740993306994
GUJARAT,NAVSARI,14631,0.010557991015857552
GUJARAT,PALANPUR,51920,0.03746639966805578
GUJARAT,PANCHMAHAL,37522,0.027076545615269433
GUJARAT,PATAN,31882,0.023006620843932096
GUJARAT,PORBANDAR,11988,0.008650754992693618
GUJARAT,RAJKOT COMMR.,52176,0.03765113384207393
GUJARAT,RAJKOT RURAL,51010,0.03680972740885064
GUJARAT,SURAT COMMR.,85040,0.061366383431653765
GUJARAT,SURAT RURAL,26600,0.019195035269073263
GUJARAT,SURENDRANAGAR,36446,0.026300084790099404
GUJARAT,TAPI,3440,0.002482365463368873
GUJARAT,TOTAL,1385775,1.0
GUJARAT,VADODARA COMMR.,67448,0.04867168191084411
GUJARAT,VADODARA RURAL,36234,0.026147101802240624
GUJARAT,VALSAD,27176,0.019610687160614097
GUJARAT,W.RLY,13502,0.009743284443722827
GUJARAT,W.RLY AHMEDABAD,669,0.0004827623531958651
GUJARAT,W.RLY VADODARA,1244,0.0008976926268694413
HARYANA,AMBALA,26471,0.04446643138032229
HARYANA,AMBALA RURAL,1082,0.001817561813059904
HARYANA,AMBALA URBAN,2342,0.003934131022353323
HARYANA,BHIWANI,29979,0.050359228829688414
HARYANA,FARIDABAD,63980,0.10747468096078804
HARYANA,FATEHABAD,16246,0.02729030426522292
HARYANA,GRP,12011,0.02017627997843115
HARYANA,GURGAON,64761,0.1087866179071834
HARYANA,HISSAR,38246,0.06424627458621912
HARYANA,JHAJJAR,19514,0.03277994567472363
HARYANA,JIND,20557,0.0345319946313054
HARYANA,KAITHAL,17689,0.029714279954913717
HARYANA,KARNAL,35540,0.05970069023673659
HARYANA,KURUKSHETRA,26498,0.044511786434807146
HARYANA,MAHENDRAGARH,18618,0.03127482979255942
HARYANA,MEWAT,13684,0.022986613539659636
HARYANA,PALWAL,14679,0.024658031288268326
HARYANA,PANCHKULA,15938,0.026772920680728972
HARYANA,PANIPAT,29195,0.049042252432794725
HARYANA,REWARI,23249,0.039054061545129116
HARYANA,ROHTAK,28707,0.04822250181840172
HARYANA,SIRSA,22404,0.03763461632143631
HARYANA,SONIPAT,32592,0.054748590213723095
HARYANA,TOTAL,595303,1.0
HARYANA,YAMUNANAGAR,21321,0.03581537469154363
HIMACHAL PRADESH,BADDIPOLICEDIST,1913,0.012346077393706276
HIMACHAL PRADESH,BILASPUR,13237,0.08542865993752743
HIMACHAL PRADESH,CHAMBA,7766,0.05012004027157498
HIMACHAL PRADESH,CID,14,9.035289258331827e-05
HIMACHAL PRADESH,G.R.P.,112,0.0007228231406665462
HIMACHAL PRADESH,HAMIRPUR,11154,0.071985440276738
HIMACHAL PRADESH,KANGRA,27141,0.17516198982884582
HIMACHAL PRADESH,KINNAUR,2248,0.014508093037664248
HIMACHAL PRADESH,KULLU,10154,0.06553166223507241
HIMACHAL PRADESH,LAHAUL-SPITI,822,0.005305005550249116
HIMACHAL PRADESH,MANDI,22050,0.1423058058187263
HIMACHAL PRADESH,SHIMLA,23949,0.15456153031984923
HIMACHAL PRADESH,SIRMAUR,9415,0.06076232026228154
HIMACHAL PRADESH,SOLAN,14358,0.09266334512223455
HIMACHAL PRADESH,TOTAL,154948,1.0
HIMACHAL PRADESH,UNA,10615,0.06850685391228024
JAMMU & KASHMIR,ANANTNAG,16464,0.06352954795392719
JAMMU & KASHMIR,AWANTIPORA,4686,0.018081842912542688
JAMMU & KASHMIR,BANDIPORA,2606,0.010055758137022246
JAMMU & KASHMIR,BARAMULLA,17683,0.06823329667573459
JAMMU & KASHMIR,BORDER,3451,0.013316355077077425
JAMMU & KASHMIR,BORDER DISTRICT,1192,0.004599563967509791
JAMMU & KASHMIR,BUDGAM,13673,0.052759931315236056
JAMMU & KASHMIR,CRIME JAMMU,369,0.0014238583087341553
JAMMU & KASHMIR,CRIME KASHMIR,32,0.0001234782273156991
JAMMU & KASHMIR,CRIME SRINAGAR,686,0.0026470644980802994
JAMMU & KASHMIR,DODA,8995,0.034708957959522294
JAMMU & KASHMIR,GANDERBAL,5961,0.023001678532152573
JAMMU & KASHMIR,HANDWARA,4887,0.01885744052786942
JAMMU & KASHMIR,JAMMU,43451,0.16766413922170129
JAMMU & KASHMIR,KARGIL,1189,0.004587987883698945
JAMMU & KASHMIR,KATHUA,12652,0.04882020412494453
JAMMU & KASHMIR,KISHTWAR,1750,0.006752715556327294
JAMMU & KASHMIR,KULGAM,7745,0.029885589705002796
JAMMU & KASHMIR,KUPWARA,7955,0.030695915571762072
JAMMU & KASHMIR,LEH,2168,0.008365649900638613
JAMMU & KASHMIR,POONCH,8981,0.034654936235071675
JAMMU & KASHMIR,PULWAMA,8754,0.03377901256005093
JAMMU & KASHMIR,RAILWAYS,242,0.0009338040940749745
JAMMU & KASHMIR,RAILWAYS JAMMU,29,0.0001119021435048523
JAMMU & KASHMIR,RAILWAYS KASHMIR,43,0.00016592386795547066
JAMMU & KASHMIR,RAILWAYS KATRA,2,7.717389207231193e-06
JAMMU & KASHMIR,RAILWAYS KMR,10,3.858694603615597e-05
JAMMU & KASHMIR,RAJOURI,16348,0.06308193937990778
JAMMU & KASHMIR,RAMBAN,7908,0.03051455692539214
JAMMU & KASHMIR,REASI,5070,0.019563581640331076
JAMMU & KASHMIR,SAMBA,3497,0.013493855028843742
JAMMU & KASHMIR,SHOPIAN,2578,0.009947714688121008
JAMMU & KASHMIR,SOPORE,1952,0.007532171866257645
JAMMU & KASHMIR,SRINAGAR,33733,0.13016534506376493
JAMMU & KASHMIR,TOTAL,259155,1.0
JAMMU & KASHMIR,UDHAMPUR,12413,0.047897976114680406
JHARKHAND,BOKARO,30448,0.07209169624317215
JHARKHAND,CHAIBASA,10278,0.024335209340098637
JHARKHAND,CHATRA,10667,0.025256244213935804
JHARKHAND,DEOGHAR,18503,0.04380953282932916
JHARKHAND,DHANBAD,43124,0.10210464755617958
JHARKHAND,DHANBAD RLY.,3868,0.009158259362473394
JHARKHAND,DUMKA,16483,0.03902678104230841
JHARKHAND,GARHWA,14566,0.03448790224244763
JHARKHAND,GIRIDIH,29221,0.06918652968739271
JHARKHAND,GODDA,19021,0.0450360008618424
JHARKHAND,GUMLA,10362,0.02453409604807376
JHARKHAND,HAZARIBAGH,31956,0.07566218619110644
JHARKHAND,JAMSHEDPUR,37675,0.08920305622574588
JHARKHAND,JAMSHEDPUR RLY.,2923,0.006920783897753291
JHARKHAND,JAMTARA,7138,0.016900634780076286
JHARKHAND,KHUNTI,2128,0.005038463268703046
JHARKHAND,KODERMA,10322,0.02443938809189513
JHARKHAND,LATEHAR,6075,0.01438377084462923
JHARKHAND,LOHARDAGGA,6046,0.014315107576399724
JHARKHAND,PAKUR,8257,0.019550089854173426
JHARKHAND,PALAMU,21289,0.050405941977170646
JHARKHAND,RAMGARH,6336,0.015001740258694782
JHARKHAND,RANCHI,50140,0.11871642306991105
JHARKHAND,SAHEBGANJ,10561,0.025005268130062437
JHARKHAND,SARAIKELA,10538,0.024950811055259724
JHARKHAND,SIMDEGA,4426,0.010479435351165262
JHARKHAND,TOTAL,422351,1.0
KARNATAKA,BAGALKOT,24722,0.016692065091086606
KARNATAKA,BANGALORE COMMR.,350347,0.23655104475636757
KARNATAKA,BANGALORE RURAL,77461,0.052300948710486996
KARNATAKA,BELGAUM,73697,0.04975953082346936
KARNATAKA,BELLARY,41853,0.028258757392494446
KARNATAKA,BIDAR,45398,0.0306523085108466
KARNATAKA,BIJAPUR,37987,0.025648470051577818
KARNATAKA,CBPURA,11337,0.007654637243655401
KARNATAKA,CHAMARAJNAGAR,18501,0.012491703593972708
KARNATAKA,CHICKMAGALUR,34702,0.023430468521595638
KARNATAKA,CHITRADURGA,44979,0.03036940359728114
KARNATAKA,DAKSHIN KANNADA,42281,0.028547739022580402
KARNATAKA,DAVANAGERE,36167,0.024419622932987994
KARNATAKA,DHARWAD COMMR.,23763,0.0160445571862912
KARNATAKA,DHARWAD RURAL,13068,0.008823392387764735
KARNATAKA,GADAG,12421,0.008386543989013296
KARNATAKA,GULBARGA,57080,0.03853988655445447
KARNATAKA,HASSAN,57541,0.03885114947844893
KARNATAKA,HAVERI,25128,0.016966192525233566
KARNATAKA,K.G.F.,10857,0.007330545695895448
KARNATAKA,KODAGU,19045,0.012859007348100655
KARNATAKA,KOLAR,33454,0.022587830497419758
KARNATAKA,KOPPAL,19152,0.012931252755622144
KARNATAKA,MANDYA,57125,0.03857027013705697
KARNATAKA,MANGALORE CITY,5300,0.0035785108398494864
KARNATAKA,MYSORE COMMR.,31459,0.02124082500204245
KARNATAKA,MYSORE RURAL,39229,0.0264870569314067
KARNATAKA,RAICHUR,33624,0.02270261292058474
KARNATAKA,RAILWAYS,7587,0.005122672026780765
KARNATAKA,RAMANAGAR,21771,0.01469957726308739
KARNATAKA,SHIMOGA,55397,0.03740354056512113
KARNATAKA,TOTAL,1481063,1.0
KARNATAKA,TUMKUR,55937,0.03776814355635108
KARNATAKA,UDUPI,27894,0.018833770069200298
KARNATAKA,UTTAR KANNADA,30179,0.020376580874682575
KARNATAKA,YADGIRI,4620,0.0031193811471895523
KERALA,ALAPUZHA,94788,0.06594135902310953
KERALA,CBCID,1339,0.0009315048290072969
KERALA,ERNAKULAM,30516,0.021229127230759277
KERALA,ERNAKULAM COMMR.,104786,0.0728966878359661
KERALA,ERNAKULAM RURAL,122473,0.08520103877745383
KERALA,IDUKKI,62789,0.04368055019308377
KERALA,KANNUR,71381,0.049657764151881896
KERALA,KASARGOD,41110,0.028599076564966373
KERALA,KOLLAM,97571,0.06787741424277145
KERALA,KOLLAM COMMR.,13431,0.00934357084271621
KERALA,KOLLAM RURAL,12517,0.00870772662037665
KERALA,KOTTAYAM,97779,0.06802211402203472
KERALA,KOZHIKODE,17140,0.011923818348905952
KERALA,KOZHIKODE COMMR.,40216,0.027977145782940593
KERALA,KOZHIKODE RURAL,53302,0.037080709780244164
KERALA,MALAPPURAM,98239,0.06834212314925156
KERALA,PALAKKAD,80723,0.05615673212244662
KERALA,PATHANAMTHITTA,57475,0.03998374910171351
KERALA,RAILWAYS,3262,0.0022692821151768503
KERALA,THRISSUR,101593,0.07067540708987179
KERALA,THRISSUR COMMR.,11122,0.007737264158490781
KERALA,THRISSUR RURAL,24889,0.017314580798478425
KERALA,TOTAL,1437459,1.0
KERALA,TRIVANDRUM,24058,0.016736477353441036
KERALA,TRIVANDRUM COMMR.,57030,0.039674175054731996
KERALA,TRIVANDRUM RURAL,87612,0.06094921663852673
KERALA,WAYANADU,30318,0.021091384171652895
LAKSHADWEEP,LAKSHADWEEP,743,1.0
LAKSHADWEEP,TOTAL,743,1.0
MADHYA PRADESH,ALIRAJPUR,6449,0.0026717541439325206
MADHYA PRADESH,ANUPPUR,13866,0.005744540697746678
MADHYA PRADESH,ASHOK NAGAR,22932,0.00950049093327036
MADHYA PRADESH,BALAGHAT,32210,0.01334427058087556
MADHYA PRADESH,BARWANI,25039,0.01037339928825033
MADHYA PRADESH,BETUL,37200,0.015411576082228215
MADHYA PRADESH,BHIND,42889,0.017768470069642096
MADHYA PRADESH,BHOPAL,169575,0.07025317242322177
MADHYA PRADESH,BHOPAL RLY.,16507,0.006838679741648956
MADHYA PRADESH,BURHANPUR,12453,0.005159149380429784
MADHYA PRADESH,CHHATARPUR,51353,0.021275017918028643
MADHYA PRADESH,CHHINDWARA,52310,0.021671493141434354
MADHYA PRADESH,DAMOH,34789,0.014412723664640791
MADHYA PRADESH,DATIYA,27410,0.011355680118652563
MADHYA PRADESH,DEWAS,71266,0.029524768308496666
MADHYA PRADESH,DHAR,63019,0.026108121320589782
MADHYA PRADESH,DINDORI,10464,0.004335127207646131
MADHYA PRADESH,GUNA,46692,0.01934401372127419
MADHYA PRADESH,GWALIOR,111206,0.04607149811291051
MADHYA PRADESH,HARDA,13912,0.005763598023009649
MADHYA PRADESH,HOSHANGABAD,41312,0.017115135244865916
MADHYA PRADESH,INDORE,204398,0.08467998193696996
MADHYA PRADESH,INDORE RLY.,3687,0.0015274860487950385
MADHYA PRADESH,JABALPUR,119446,0.049485245073059986
MADHYA PRADESH,JABALPUR RLY.,5963,0.002470409359632442
MADHYA PRADESH,JHABUA,29024,0.012024343661575046
MADHYA PRADESH,KATNI,33916,0.014051048774323983
MADHYA PRADESH,KHANDWA,41293,0.01710726374095295
MADHYA PRADESH,KHARGON,48202,0.019969591137515175
MADHYA PRADESH,MANDLA,22636,0.009377861188099943
MADHYA PRADESH,MANDSAUR,37672,0.015607120811013477
MADHYA PRADESH,MORENA,60288,0.024976696205520826
MADHYA PRADESH,NARSINGHPUR,30779,0.012751422049325329
MADHYA PRADESH,NEEMUCH,25263,0.010466200176487403
MADHYA PRADESH,PANNA,21413,0.008871184909912708
MADHYA PRADESH,RAISEN,43662,0.018088715991995925
MADHYA PRADESH,RAJGARH,54255,0.022477286568314297
MADHYA PRADESH,RATLAM,43683,0.018097416075268147
MADHYA PRADESH,REWA,57608,0.023866399864112986
MADHYA PRADESH,SAGAR,95017,0.039364562489383824
MADHYA PRADESH,SATNA,62648,0.02595441984944713
MADHYA PRADESH,SEONI,29447,0.012199588196058448
MADHYA PRADESH,SHAHDOL,38499,0.015949738376067314
MADHYA PRADESH,SHAJAPUR,43219,0.017905185663919927
MADHYA PRADESH,SHEOPUR,14570,0.006036200632206051
MADHYA PRADESH,SHIVPURI,51018,0.021136230875352664
MADHYA PRADESH,SIDHI,39209,0.016243884048604464
MADHYA PRADESH,SIHORE,41929,0.017370751977197497
MADHYA PRADESH,SINGRAULI,10813,0.004479714305836927
MADHYA PRADESH,TIKAMGARH,37897,0.01570033598893018
MADHYA PRADESH,TOTAL,2413770,1.0
MADHYA PRADESH,UJJAIN,97841,0.04053451654465835
MADHYA PRADESH,UMARIYA,15583,0.0064558760776710295
MADHYA PRADESH,VIDISHA,50039,0.0207306412789951
MAHARASHTRA,AHMEDNAGAR,71762,0.031565436634239975
MAHARASHTRA,AKOLA,49341,0.021703272051643414
MAHARASHTRA,AMRAVATI COMMR.,32826,0.014438937361773105
MAHARASHTRA,AMRAVATI RURAL,47756,0.02100608946106246
MAHARASHTRA,AURANGABAD COMMR.,36372,0.015998690968208475
MAHARASHTRA,AURANGABAD RURAL,35481,0.015606773183850347
MAHARASHTRA,BEED,49141,0.021615299485008593
MAHARASHTRA,BHANDARA,28350,0.01247011132048582
MAHARASHTRA,BULDHANA,47189,0.020756687234652745
MAHARASHTRA,CHANDRAPUR,44498,0.019573016350581236
MAHARASHTRA,DHULE,29150,0.012822001587025102
MAHARASHTRA,GADCHIROLI,14864,0.006538121152299867
MAHARASHTRA,GONDIA,23714,0.010430907225890679
MAHARASHTRA,HINGOLI,20606,0.009063813540385567
MAHARASHTRA,JALGAON,55702,0.024501239533463885
MAHARASHTRA,JALNA,33162,0.014586731273719603
MAHARASHTRA,KOLHAPUR,44545,0.019593689903740417
MAHARASHTRA,LATUR,40706,0.017905056487185038
MAHARASHTRA,MUMBAI,141815,0.062379147686585416
MAHARASHTRA,MUMBAI COMMR.,222670,0.09794425706287752
MAHARASHTRA,MUMBAI RLY.,25194,0.01108190421898835
MAHARASHTRA,NAGPUR COMMR.,104410,0.04592607841170809
MAHARASHTRA,NAGPUR RLY.,13825,0.006081103668631974
MAHARASHTRA,NAGPUR RURAL,54011,0.023757431482566475
MAHARASHTRA,NANDED,62476,0.027480870365385258
MAHARASHTRA,NANDURBAR,16043,0.007056719432612134
MAHARASHTRA,NASIK COMMR.,40123,0.017648616455444535
MAHARASHTRA,NASIK RURAL,57106,0.025118806951240327
MAHARASHTRA,NAVI MUMBAI,51475,0.022641939337636953
MAHARASHTRA,OSMANABAD,34476,0.015164711036510375
MAHARASHTRA,PARBHANI,31594,0.01389702635130261
MAHARASHTRA,PUNE COMMR.,139973,0.06156892034787872
MAHARASHTRA,PUNE RLY.,4474,0.001967946315620937
MAHARASHTRA,PUNE RURAL,74163,0.032621547296691
MAHARASHTRA,RAIGAD,26251,0.011546839233653378
MAHARASHTRA,RATNAGIRI,17421,0.007662850416726048
MAHARASHTRA,SANGLI,33509,0.014739363676831017
MAHARASHTRA,SATARA,48700,0.021421319975578817
MAHARASHTRA,SINDHUDURG,9731,0.004280305229617196
MAHARASHTRA,SOLAPUR COMMR.,20306,0.008931854690433335
MAHARASHTRA,SOLAPUR RURAL,46732,0.020555669919892182
MAHARASHTRA,THANE COMMR.,100617,0.04425767868547872
MAHARASHTRA,THANE RURAL,61234,0.026934560726583023
MAHARASHTRA,TOTAL,2273436,1.0
MAHARASHTRA,WARDHA,45933,0.020204219516186072
MAHARASHTRA,WASHIM,25088,0.011035278758671895
MAHARASHTRA,YAVATMAL,58921,0.02591715799345132
MANIPUR,BISHNUPUR,3612,0.10298813868613138
MANIPUR,CHANDEL,911,0.02597513686131387
MANIPUR,CHURACHANDPUR,1553,0.04428033759124088
MANIPUR,CID,9,0.00025661496350364965
MANIPUR,IMPHAL EAST,4176,0.11906934306569343
MANIPUR,IMPHAL WEST,8507,0.24255816605839417
MANIPUR,IMPHAL(EAST),2176,0.06204379562043796
MANIPUR,IMPHAL(WEST),5146,0.14672673357664234
MANIPUR,SENAPATI,1720,0.04904197080291971
MANIPUR,TAMENGLONG,463,0.013201414233576642
MANIPUR,THOUBAL,6039,0.1721886405109489
MANIPUR,TOTAL,35072,1.0
MANIPUR,UKHRUL,760,0.02166970802919708
MEGHALAYA,GARO HILLS EAST,1771,0.07014139173828667
MEGHALAYA,GARO HILLS SOUTH,746,0.029545724583151807
MEGHALAYA,GARO HILLS WEST,4303,0.17042259099370272
MEGHALAYA,JAINTIA HILLS,3821,0.15133272604855638
MEGHALAYA,KHASI HILLS EAST,10108,0.40033268644302744
MEGHALAYA,KHASI HILLS WEST,1980,0.078418947285041
MEGHALAYA,RI-BHOI,2520,0.09980593290823399
MEGHALAYA,TOTAL,25249,1.0
MIZORAM,AIZAWL,12686,0.4851985007266886
MIZORAM,CHAMPHAI,2325,0.0889237359443127
MIZORAM,KOLASIB,2334,0.08926795685764553
MIZORAM,LAWNGTLAI,1635,0.06253346592212958
MIZORAM,LUNGLEI,3154,0.12063030673908055
MIZORAM,MAMIT,948,0.03625793620439073
MIZORAM,SAIHA,1961,0.0750019123384074
MIZORAM,SERCHHIP,1103,0.04218618526734491
MIZORAM,TOTAL,26146,1.0
NAGALAND,DIMAPUR,5415,0.41232010964745297
NAGALAND,KIPHIRE,195,0.014848092591182518
NAGALAND,KOHIMA,2710,0.20635041498515191
NAGALAND,LONGLENG,84,0.006396101423894007
NAGALAND,MOKOKCHUNG,840,0.06396101423894007
NAGALAND,MON,771,0.058707073783598566
NAGALAND,PEREN,323,0.02459453285616386
NAGALAND,PHEK,603,0.04591487093581055
NAGALAND,TOTAL,13133,1.0
NAGALAND,TUENSANG,559,0.04256453209472322
NAGALAND,WOKHA,902,0.06868194624229042
NAGALAND,ZUNHEBOTO,731,0.055661311200791895
ODISHA,ANGUL,28700,0.04429381460800746
ODISHA,BALASORE,35784,0.055226824457593686
ODISHA,BARAGARH,17604,0.027168930744228686
ODISHA,BERHAMPUR,15429,0.02381216953264624
ODISHA,BHADRAK,22156,0.03419420754198652
ODISHA,BOLANGIR,21339,0.03293329999722199
ODISHA,BOUDH,5307,0.00819049735626117
ODISHA,CUTTACK,40902,0.06312563083960701
ODISHA,DCP BBSR,21234,0.032771249455973185
ODISHA,DCP CTC,11211,0.01730236778990842
ODISHA,DEOGARH,6364,0.009821806138165835
ODISHA,DHENKANAL,19155,0.02956264873924679
ODISHA,GAJAPATI,5035,0.007770709287502353
ODISHA,GANJAM,24398,0.03765437243227059
ODISHA,JAGATSINGHPUR,17153,0.026472885086102856
ODISHA,JAJPUR,24607,0.03797693017628012
ODISHA,JHARSUGUDA,13924,0.021489445108079996
ODISHA,KALAHANDI,15018,0.023177857414043764
ODISHA,KANDHAMAL,11437,0.017651162288215377
ODISHA,KENDRAPARA,15675,0.024191830800714874
ODISHA,KEONJHAR,25987,0.04010673728983588
ODISHA,KHURDA,46286,0.07143496525945063
ODISHA,KORAPUT,17674,0.027276964438394558
ODISHA,MALKANGIR,5325,0.00821827744904668
ODISHA,MAYURBHANJ,27405,0.04229519126593883
ODISHA,NAYAGARH,12732,0.019649785630284005
ODISHA,NOWRANGPUR,9909,0.015292941078423201
ODISHA,NUAPADA,8234,0.012707849110882697
ODISHA,PURI,32735,0.05052118540742593
ODISHA,RAYAGADA,10638,0.016418034836236352
ODISHA,ROURKELA,18312,0.028261614393792076
ODISHA,SAMBALPUR,26185,0.04041231831047649
ODISHA,SONEPUR,5797,0.008946733215422272
ODISHA,SRP(CUTTACK),6016,0.009284724344312644
ODISHA,SRP(ROURKELA),3893,0.006008216734110558
ODISHA,SUNDARGARH,18386,0.02837582144191028
ODISHA,TOTAL,647946,1.0
PUDUCHERRY,KARAIKAL,5291,0.09777145391381477
PUDUCHERRY,PONDICHERRY,30420,0.5621258038288122
PUDUCHERRY,PUDUCHERRY,18405,0.340102742257373
PUDUCHERRY,TOTAL,54116,1.0
PUNJAB,AMRITSAR,15878,0.04133485711905574
PUNJAB,AMRITSAR RURAL,4567,0.011889173224759261
PUNJAB,BARNALA,7376,0.01920178272516407
PUNJAB,BATALA,10143,0.026405054525669627
PUNJAB,BHATINDA,19491,0.05074050258896054
PUNJAB,CP AMRITSAR,5604,0.014588773100843201
PUNJAB,CP JALANDHAR,5786,0.015062569800406633
PUNJAB,CP LUDHIANA,10141,0.026399847968531568
PUNJAB,FARIDKOT,8740,0.02275265469332077
PUNJAB,FATEHGARH SAHIB,9337,0.02430681199903158
PUNJAB,FAZILKA,1802,0.004691107981391765
PUNJAB,FEROZEPUR,6033,0.015705579606957003
PUNJAB,FEROZPUR,13155,0.034246129575587494
PUNJAB,G.R.P,4482,0.011667894546391725
PUNJAB,GURDASPUR,10725,0.02792016265284499
PUNJAB,HOSHIARPUR,17287,0.04500287662281878
PUNJAB,JAGRAON,5444,0.014172248529798427
PUNJAB,JALANDHAR,30397,0.07913185866279993
PUNJAB,JALANDHAR RURAL,3443,0.008963088113169726
PUNJAB,KAPURTHALA,13459,0.03503752626057256
PUNJAB,KHANNA,9915,0.025811507011930825
PUNJAB,LUDHIANA,33313,0.08672301897009094
PUNJAB,LUDHIANA RURAL,3445,0.008968294670307785
PUNJAB,MAJITHA,4151,0.01080620934004285
PUNJAB,MANSA,7787,0.020271730217035336
PUNJAB,MOGA,12371,0.03220515917746811
PUNJAB,MUKTSAR,8306,0.021622831794361818
PUNJAB,NAWAN SHAHR,5181,0.01348758626614358
PUNJAB,PATHANKOT,1013,0.002637121190427224
PUNJAB,PATIALA,36285,0.0944599628772476
PUNJAB,ROPAR,13042,0.03395195909728713
PUNJAB,SANGRUR,18771,0.048866142019259054
PUNJAB,SAS NGR,13503,0.03515207051760988
PUNJAB,SBS NAGAR,3808,0.009913284790865616
PUNJAB,TARN TARAN,9950,0.02590262176184687
PUNJAB,TOTAL,384131,1.0
RAJASTHAN,AJMER,77731,0.04188282228290505
RAJASTHAN,ALWAR,101378,0.054624239459113454
RAJASTHAN,BANSWARA,32173,0.0173353750924072
RAJASTHAN,BARAN,39385,0.02122132682729175
RAJASTHAN,BARMER,33777,0.01819963834570099
RAJASTHAN,BHARATPUR,91034,0.04905071134684975
RAJASTHAN,BHILWARA,64635,0.03482646843930436
RAJASTHAN,BIKANER,45708,0.024628269813935545
RAJASTHAN,BUNDI,41281,0.022242924787544263
RAJASTHAN,CHITTORGARH,67568,0.036406820136256166
RAJASTHAN,CHURU,33949,0.018292314953909553
RAJASTHAN,DAUSA,51097,0.027531957265307265
RAJASTHAN,DHOLPUR,40283,0.021705184932938774
RAJASTHAN,DUNGARPUR,22460,0.012101840816071416
RAJASTHAN,G.R.P.,8236,0.004437700844219242
RAJASTHAN,G.R.P. AJMER,617,0.0003324503910737339
RAJASTHAN,G.R.P. JODHPUR,149,8.028380594811404e-05
RAJASTHAN,G.R.P.AJMER,1453,0.000782901812366508
RAJASTHAN,G.R.P.JODHPUR,286,0.00015410180202121216
RAJASTHAN,GANGANAGAR,62875,0.033878149657635366
RAJASTHAN,HANUMANGARH,43586,0.0234848991010369
RAJASTHAN,JAIPUR,99527,0.05362688828589225
RAJASTHAN,JAIPUR EAST,44533,0.02399515926367357
RAJASTHAN,JAIPUR NORTH,25178,0.013566346752762517
RAJASTHAN,JAIPUR RURAL,53815,0.028996463201998366
RAJASTHAN,JAIPUR SOUTH,35748,0.01926164761767235
RAJASTHAN,JAIPUR WEST,10279,0.005538504975440699
RAJASTHAN,JAISALMER,11431,0.006159222723442225
RAJASTHAN,JALORE,29059,0.015657497429840576
RAJASTHAN,JHALAWAR,42690,0.023002118630369047
RAJASTHAN,JHUNJHUNU,46937,0.025290476508635088
RAJASTHAN,JODHPUR,33821,0.018223346315242715
RAJASTHAN,JODHPUR CITY,21731,0.011709042866164202
RAJASTHAN,JODHPUR EAST,2303,0.0012408966785134672
RAJASTHAN,JODHPUR RURAL,19459,0.010484849529827858
RAJASTHAN,JODHPUR WEST,2228,0.001200485366794618
RAJASTHAN,KARAULI,43750,0.023573265169328783
RAJASTHAN,KOTA,33935,0.018284771509055366
RAJASTHAN,KOTA CITY,28085,0.015132689194985118
RAJASTHAN,KOTA RURAL,14963,0.008062326096655236
RAJASTHAN,NAGAUR,51660,0.02783531151194343
RAJASTHAN,PALI,59702,0.032168481763183245
RAJASTHAN,PRATAPGARH,10372,0.005588615001972072
RAJASTHAN,RAJSAMAND,29413,0.015848238821153545
RAJASTHAN,SAWAI MADHOPUR,40574,0.021861980822407912
RAJASTHAN,SIKAR,54004,0.029098299707529866
RAJASTHAN,SIROHI,24249,0.01306578530493837
RAJASTHAN,TONK,42919,0.023125507835483932
RAJASTHAN,TOTAL,1855916,1.0
RAJASTHAN,UDAIPUR,83890,0.04520139920125695
SIKKIM,EAST,3443,0.4918571428571429
SIKKIM,NORTH,422,0.06028571428571428
SIKKIM,SOUTH,1887,0.2695714285714286
SIKKIM,TOTAL,7000,1.0
SIKKIM,WEST,1248,0.1782857142857143
TAMIL NADU,ARIYALUR,10219,0.004960255822803489
TAMIL NADU,CHENGAI,43561,0.021144310000698968
TAMIL NADU,CHENNAI,164467,0.07983152895674933
TAMIL NADU,CHENNAI RLY.,6097,0.002959455891147164
TAMIL NADU,CHENNAISUBURBAN,19404,0.009418612778714051
TAMIL NADU,COIMBATORE RURAL,99023,0.04806531092489185
TAMIL NADU,COIMBATORE URBAN,52542,0.025503646290414024
TAMIL NADU,CUDDALORE,87567,0.04250462096442246
TAMIL NADU,DHARMAPURI,48360,0.023473722633406077
TAMIL NADU,DINDIGUL,60083,0.029164013171690185
TAMIL NADU,ERODE,76349,0.037059455114514486
TAMIL NADU,KANCHIPURAM,75996,0.03688811053036246
TAMIL NADU,KANYAKUMARI,49772,0.024159100970014214
TAMIL NADU,KARUR,30376,0.014744371354680376
TAMIL NADU,KRISHNAGIRI,41287,0.020040520809872554
TAMIL NADU,MADURAI RURAL,60075,0.02916013000830997
TAMIL NADU,MADURAI URBAN,36716,0.017821778333501605
TAMIL NADU,NAGAPATTINAM,47332,0.022974736139048314
TAMIL NADU,NAMAKKAL,46314,0.02248060359891582
TAMIL NADU,NILGIRIS,16825,0.0081667779840169
TAMIL NADU,PERAMBALUR,26288,0.01276007486738997
TAMIL NADU,PUDUKOTTAI,41981,0.020377385233106296
TAMIL NADU,RAMNATHAPURAM,37777,0.018336782876802758
TAMIL NADU,SALEM RURAL,70481,0.034211154775126006
TAMIL NADU,SALEM URBAN,30591,0.014848731370523683
TAMIL NADU,SIVAGANGAI,33704,0.016359767320850257
TAMIL NADU,THANJAVUR,65756,0.0319176614036859
TAMIL NADU,THENI,46741,0.022687867444334854
TAMIL NADU,THIRUNELVELI RURAL,83750,0.04065186663663687
TAMIL NADU,THIRUNELVELI URBAN,16548,0.008032323451976919
TAMIL NADU,THIRUVALLUR,41317,0.020055082672548366
TAMIL NADU,THIRUVANNAMALAI,50648,0.02458430736014787
TAMIL NADU,THIRUVARUR,40312,0.019567260272908723
TAMIL NADU,THOOTHUGUDI,60701,0.029463987542811876
TAMIL NADU,TIRUPPUR,24261,0.011776178345927727
TAMIL NADU,TOTAL,2060176,1.0
TAMIL NADU,TRICHY RLY.,2126,0.0010319506682924177
TAMIL NADU,TRICHY RURAL,45584,0.022126264940471107
TAMIL NADU,TRICHY URBAN,36196,0.01756937271378756
TAMIL NADU,VELLORE,88523,0.04296865898835828
TAMIL NADU,VILLUPURAM,82961,0.04026888964826306
TAMIL NADU,VILUPPURAM,5959,0.002892471322838437
TAMIL NADU,VIRUDHUNAGAR,55606,0.026990897865036775
TRIPURA,DHALAI,4735,0.08979026813820305
TRIPURA,G.R.P.,6,0.00011377858686995108
TRIPURA,GOMATI,1147,0.021750673189972314
TRIPURA,GRP,21,0.00039822505404482877
TRIPURA,KHOWAI,423,0.008021390374331552
TRIPURA,NORTH,9319,0.1767171085068457
TRIPURA,SIPAHIJALA,987,0.01871657754010695
TRIPURA,SOUTH,13717,0.2601168126825198
TRIPURA,TOTAL,52734,1.0
TRIPURA,UNAKOTI,533,0.010107331133613987
TRIPURA,WEST,21846,0.4142678347934919
UTTAR PRADESH,AGRA,77987,0.041971955907030616
UTTAR PRADESH,ALIGARH,53786,0.028947178637664592
UTTAR PRADESH,ALLAHABAD,57048,0.03070275995466273
UTTAR PRADESH,AMBEDKAR NAGAR,12268,0.006602535744001585
UTTAR PRADESH,AURAIYA,12106,0.006515348689018844
UTTAR PRADESH,AZAMGARH,22155,0.011923637056435859
UTTAR PRADESH,BADAUN,27746,0.014932666836735243
UTTAR PRADESH,BAGHPAT,14906,0.008022285441806946
UTTAR PRADESH,BAHRAICH,18885,0.010163750205858324
UTTAR PRADESH,BALLIA,13090,0.007044929319284377
UTTAR PRADESH,BALRAMPUR,5483,0.0029509050769775586
UTTAR PRADESH,BANDA,14794,0.007962007971695422
UTTAR PRADESH,BARABANKI,25212,0.01356888907546201
UTTAR PRADESH,BAREILLY,53583,0.028837925723087455
UTTAR PRADESH,BASTI,12900,0.006942672896773756
UTTAR PRADESH,BHIM NAGAR,3651,0.0019649378872962004
UTTAR PRADESH,BIJNOR,26305,0.014157132600746795
UTTAR PRADESH,BULANDSHAHAR,38157,0.020535780598619862
UTTAR PRADESH,CHANDOLI,9230,0.004967509367226493
UTTAR PRADESH,CHITRAKOOT DHAM,5551,0.0029875021124024124
UTTAR PRADESH,CSM NAGAR,4011,0.0021586868983689564
UTTAR PRADESH,DEORIA,14425,0.007763415235345847
UTTAR PRADESH,ETAH,28395,0.015281953248363627
UTTAR PRADESH,ETAWAH,21910,0.0117917800905669
UTTAR PRADESH,FAIZABAD,19063,0.010259548327999853
UTTAR PRADESH,FATEHGARH,14341,0.007718207132762204
UTTAR PRADESH,FATEHPUR,19206,0.010336509740731532
UTTAR PRADESH,FIROZABAD,31140,0.016759289457793394
UTTAR PRADESH,G.R.P.,37134,0.01998521049215478
UTTAR PRADESH,GAUTAMBUDH NAGAR,43200,0.023249881328730716
UTTAR PRADESH,GHAZIABAD,71937,0.03871589613761346
UTTAR PRADESH,GHAZIPUR,11865,0.006385644489939582
UTTAR PRADESH,GONDA,18758,0.010095399860285435
UTTAR PRADESH,GORAKHPUR,37602,0.020237084206549363
UTTAR PRADESH,HAMIRPUR,7428,0.003997687928467865
UTTAR PRADESH,HARDOI,27326,0.014706626323817027
UTTAR PRADESH,HATHRAS,20342,0.01094789550900556
UTTAR PRADESH,J.P.NAGAR,15665,0.008430772940152006
UTTAR PRADESH,JALAUN,13960,0.007513156096043538
UTTAR PRADESH,JAUNPUR,20959,0.011279959786316369
UTTAR PRADESH,JHANSI,16686,0.00898026666322224
UTTAR PRADESH,KANNAUJ,14010,0.007540065680914754
UTTAR PRADESH,KANPUR DEHAT,14024,0.007547600364678694
UTTAR PRADESH,KANPUR NAGAR,74203,0.03993543852397698
UTTAR PRADESH,KANSHIRAM NAGAR,4803,0.0025849347227290195
UTTAR PRADESH,KAUSHAMBI,13178,0.007092290188657717
UTTAR PRADESH,KHIRI,30858,0.016607519399119735
UTTAR PRADESH,KUSHI NAGAR,14267,0.007678380947152804
UTTAR PRADESH,LALITPUR,6737,0.0036257974655476586
UTTAR PRADESH,LUCKNOW,118377,0.06370951856599899
UTTAR PRADESH,MAHARAJGANJ,10073,0.005421204968155197
UTTAR PRADESH,MAHOBA,6718,0.0036155718232965964
UTTAR PRADESH,MAINPURI,22040,0.01186174501123206
UTTAR PRADESH,MATHURA,40188,0.02162884793608866
UTTAR PRADESH,MAU,12588,0.006774757087177368
UTTAR PRADESH,MEERUT,62010,0.03337326715728222
UTTAR PRADESH,MIRZAPUR,11503,0.006190819095471978
UTTAR PRADESH,MORADABAD,44213,0.023795069518221558
UTTAR PRADESH,MUZAFFARNAGAR,43541,0.023433404697552413
UTTAR PRADESH,PANCHSHIL NAGAR,3824,0.002058045050950608
UTTAR PRADESH,PILIBHIT,22580,0.012152368527841195
UTTAR PRADESH,PRABUDDH NAGAR,2554,0.0013745415952217189
UTTAR PRADESH,PRATAPGARH,22289,0.011995754743890717
UTTAR PRADESH,RAIBAREILLY,22326,0.012015667836695417
UTTAR PRADESH,RAMABAI NAGAR,5680,0.0030569288413701498
UTTAR PRADESH,RAMPUR,22119,0.011904262155328582
UTTAR PRADESH,SAHARANPUR,31782,0.017104808527539806
UTTAR PRADESH,SANT KABIRNAGAR,7524,0.0040493543314206
UTTAR PRADESH,SHAHJAHANPUR,28037,0.015089280620685722
UTTAR PRADESH,SHRAWASTI,5716,0.0030763037424774257
UTTAR PRADESH,SIDHARTHNAGAR,8601,0.004628986789546595
UTTAR PRADESH,SITAPUR,37798,0.020342569779244528
UTTAR PRADESH,SONBHADRA,8532,0.004591851562424316
UTTAR PRADESH,ST.RAVIDASNAGAR,5372,0.0028911657985634586
UTTAR PRADESH,SULTANPUR,20791,0.011189543581149082
UTTAR PRADESH,TOTAL,1858074,1.0
UTTAR PRADESH,UNNAO,24792,0.013342848562543795
UTTAR PRADESH,VARANASI,34230,0.018422301802834547
UTTARAKHAND,ALMORA,2784,0.0269756986163327
UTTARAKHAND,BAGESHWAR,1052,0.010193403356459052
UTTARAKHAND,CHAMOLI,2011,0.01948567884965699
UTTARAKHAND,CHAMPAWAT,1203,0.011656524940893764
UTTARAKHAND,DEHRADUN,24859,0.24087244680438744
UTTARAKHAND,HARIDWAR,26741,0.259108174101779
UTTARAKHAND,NAINITAL,10211,0.0989399635673036
UTTARAKHAND,PAURI GARHWAL,3913,0.03791519708538429
UTTARAKHAND,PITHORAGARH,2799,0.027121041820084492
UTTARAKHAND,RUDRA PRAYAG,1306,0.01265454827332274
UTTARAKHAND,TEHRI GARHWAL,2581,0.025008720592225107
UTTARAKHAND,TOTAL,103204,1.0
UTTARAKHAND,UDHAMSINGH NAGAR,21638,0.20966241618541917
UTTARAKHAND,UTTARKASHI,2106,0.020406185806751676
WEST BENGAL,24 PARGANAS NORTH,122795,0.10970656765275565
WEST BENGAL,24 PARGANAS SOUTH,120912,0.10802427222631207
WEST BENGAL,ASANSOL,19677,0.01757967451201818
WEST BENGAL,BANKURA,19848,0.017732448021270362
WEST BENGAL,BDN CP,3446,0.0030786989057485724
WEST BENGAL,BIRBHUM,26222,0.02342705824333693
WEST BENGAL,BKP CP,6608,0.005903668708411656
WEST BENGAL,BURDWAN,52305,0.046729932172135544
WEST BENGAL,COOCHBEHAR,26418,0.02360216706095931
WEST BENGAL,DAKSHIN DINAJPUR,17468,0.01560612666442718
WEST BENGAL,DARJEELING,24495,0.021884135141123414
WEST BENGAL,HOOGHLY,47090,0.04207078684611151
WEST BENGAL,HOWRAH,44803,0.04002755283640548
WEST BENGAL,HOWRAH CITY,18870,0.016858690757828077
WEST BENGAL,HOWRAH G.R.P.,7308,0.0065290573427772974
WEST BENGAL,JALPAIGURI,64179,0.057338310235646436
WEST BENGAL,JHARGRAM,711,0.0006352161700485301
WEST BENGAL,KHARAGPUR G.R.P.,1816,0.0016224368000114357
WEST BENGAL,KOLKATA,158429,0.14154242279130602
WEST BENGAL,MALDA,35343,0.03157587214912124
WEST BENGAL,MIDNAPUR,4617,0.004124884749808809
WEST BENGAL,MURSHIDABAD,85689,0.07655560955736779
WEST BENGAL,NADIA,79313,0.07085921251063161
WEST BENGAL,PASCHIM MIDNAPUR,38981,0.03482610622315296
WEST BENGAL,PURAB MIDNAPUR,35502,0.03171792471035572
WEST BENGAL,PURULIA,16958,0.01515048637367507
WEST BENGAL,SEALDAH G.R.P.,4746,0.004240134940999049
WEST BENGAL,SILIGURI G.R.P.,1760,0.0015724057092621844
WEST BENGAL,SILIGURI_PC,3023,0.002700785488124763
WEST BENGAL,TOTAL,1119304,1.0
WEST BENGAL,UTTAR DINAJPUR,29972,0.026777354498867152
